month,calendar_year,sales,median_price_psm,naive_index,hedonic_index,hedonic_ci_low,hedonic_ci_high,is_year_end
2017-01,2017,1185,4294.0,100.0,100.0,100.0,100.0,False
2017-02,2017,1085,4322.0,100.6,99.3,98.4,100.2,False
2017-03,2017,1903,4331.0,100.9,100.2,99.4,101.0,False
2017-04,2017,1839,4299.0,100.1,99.9,99.1,100.7,False
2017-05,2017,1980,4270.0,99.4,99.5,98.8,100.3,False
2017-06,2017,1747,4293.0,100.0,99.8,99.0,100.7,False
2017-07,2017,1780,4243.0,98.8,99.4,98.6,100.2,False
2017-08,2017,1960,4280.0,99.7,99.2,98.4,100.0,False
2017-09,2017,1680,4278.0,99.6,99.1,98.3,99.9,False
2017-10,2017,1785,4269.0,99.4,99.3,98.5,100.1,False
2017-11,2017,1980,4254.0,99.1,99.3,98.5,100.2,False
2017-12,2017,1585,4252.0,99.0,98.8,98.0,99.6,True
2018-01,2018,1072,4286.0,99.8,98.8,97.8,99.7,False
2018-02,2018,1183,4245.0,98.8,98.1,97.2,99.0,False
2018-03,2018,1881,4239.0,98.7,98.5,97.6,99.3,False
2018-04,2018,1838,4235.0,98.6,98.4,97.6,99.2,False
2018-05,2018,1740,4231.0,98.5,98.5,97.6,99.3,False
2018-06,2018,1975,4208.0,98.0,98.6,97.8,99.4,False
2018-07,2018,2539,4211.0,98.1,98.2,97.5,99.0,False
2018-08,2018,2067,4233.0,98.6,98.7,97.9,99.5,False
2018-09,2018,1985,4179.0,97.3,98.0,97.2,98.9,False
2018-10,2018,1992,4146.0,96.5,98.2,97.4,99.1,False
2018-11,2018,1866,4165.0,97.0,98.5,97.6,99.3,False
2018-12,2018,1423,4178.0,97.3,98.1,97.2,99.0,True
2019-01,2019,1550,4135.0,96.3,98.1,97.2,99.0,False
2019-02,2019,1304,4176.0,97.2,98.1,97.2,99.0,False
2019-03,2019,1653,4194.0,97.6,98.2,97.4,99.1,False
2019-04,2019,1915,4154.0,96.7,98.1,97.3,98.9,False
2019-05,2019,2070,4167.0,97.0,97.8,97.0,98.6,False
2019-06,2019,1884,4130.0,96.2,98.2,97.3,99.0,False
2019-07,2019,2114,4165.0,97.0,98.1,97.3,98.9,False
2019-08,2019,1902,4205.0,97.9,98.5,97.6,99.3,False
2019-09,2019,1830,4152.0,96.7,98.0,97.2,98.9,False
2019-10,2019,2206,4195.0,97.7,98.5,97.7,99.3,False
2019-11,2019,1910,4212.0,98.1,99.1,98.3,100.0,False
2019-12,2019,1848,4194.0,97.6,98.9,98.1,99.7,True
2020-01,2020,1911,4201.0,97.8,98.5,97.7,99.4,False
2020-02,2020,1661,4239.0,98.7,99.3,98.4,100.1,False
2020-03,2020,1937,4254.0,99.1,99.1,98.2,99.9,False
2020-04,2020,424,4233.0,98.6,98.5,97.3,99.8,False
2020-05,2020,363,4242.0,98.8,99.3,98.0,100.7,False
2020-06,2020,2438,4203.0,97.9,99.1,98.3,100.0,False
2020-07,2020,2456,4287.0,99.8,99.9,99.1,100.8,False
2020-08,2020,2426,4298.0,100.1,100.7,99.9,101.6,False
2020-09,2020,2482,4384.0,102.1,102.2,101.4,103.1,False
2020-10,2020,2427,4516.0,105.2,103.6,102.7,104.4,False
2020-11,2020,2322,4538.0,105.7,104.3,103.5,105.2,False
2020-12,2020,2486,4577.0,106.6,105.3,104.4,106.1,True
2021-01,2021,2491,4624.0,107.7,106.5,105.7,107.4,False
2021-02,2021,2160,4728.0,110.1,107.8,106.9,108.6,False
2021-03,2021,2443,4766.0,111.0,108.8,107.9,109.6,False
2021-04,2021,2333,4808.0,112.0,109.9,109.0,110.8,False
2021-05,2021,1957,4871.0,113.4,111.5,110.6,112.4,False
2021-06,2021,2302,4880.0,113.6,112.3,111.4,113.2,False
2021-07,2021,2659,4896.0,114.0,113.1,112.2,114.0,False
2021-08,2021,2739,5000.0,116.4,114.6,113.7,115.5,False
2021-09,2021,2516,5000.0,116.4,115.4,114.5,116.3,False
2021-10,2021,2499,5032.0,117.2,116.8,115.9,117.7,False
2021-11,2021,2566,5089.0,118.5,118.4,117.5,119.3,False
2021-12,2021,2422,5147.0,119.9,119.4,118.5,120.3,True
2022-01,2022,2442,5134.0,119.5,120.1,119.2,121.0,False
2022-02,2022,1895,5149.0,119.9,121.1,120.1,122.1,False
2022-03,2022,2262,5224.0,121.6,121.9,121.0,122.9,False
2022-04,2022,2262,5265.0,122.6,123.3,122.3,124.2,False
2022-05,2022,2154,5340.0,124.4,124.4,123.4,125.3,False
2022-06,2022,2135,5357.0,124.7,125.9,124.9,126.9,False
2022-07,2022,2361,5446.0,126.8,126.7,125.7,127.7,False
2022-08,2022,2309,5369.0,125.0,127.1,126.2,128.1,False
2022-09,2022,2578,5511.0,128.3,129.1,128.1,130.0,False
2022-10,2022,1958,5556.0,129.4,129.8,128.8,130.8,False
2022-11,2022,2130,5512.0,128.4,130.8,129.8,131.9,False
2022-12,2022,2234,5588.0,130.1,131.5,130.5,132.5,True
2023-01,2023,2551,5591.0,130.2,131.7,130.7,132.7,False
2023-02,2023,1837,5565.0,129.6,132.2,131.1,133.2,False
2023-03,2023,2277,5654.0,131.7,132.5,131.5,133.5,False
2023-04,2023,2177,5708.0,132.9,133.7,132.7,134.7,False
2023-05,2023,2245,5672.0,132.1,134.4,133.4,135.4,False
2023-06,2023,1853,5699.0,132.7,135.0,133.9,136.1,False
2023-07,2023,2052,5707.0,132.9,135.5,134.4,136.5,False
2023-08,2023,2467,5773.0,134.4,135.8,134.7,136.8,False
2023-09,2023,1974,5743.0,133.7,136.2,135.1,137.3,False
2023-10,2023,2189,5806.0,135.2,136.5,135.5,137.6,False
2023-11,2023,2128,5806.0,135.2,137.1,136.0,138.2,False
2023-12,2023,2004,5818.0,135.5,138.1,137.0,139.2,True
2024-01,2024,2621,5875.0,136.8,139.3,138.2,140.4,False
2024-02,2024,2123,5848.0,136.2,140.5,139.4,141.7,False
2024-03,2024,2046,5914.0,137.7,141.3,140.2,142.5,False
2024-04,2024,2370,5944.0,138.4,142.3,141.2,143.5,False
2024-05,2024,2490,5978.0,139.2,143.9,142.8,145.0,False
2024-06,2024,2171,6115.0,142.4,145.3,144.2,146.5,False
2024-07,2024,3036,6142.0,143.0,146.2,145.1,147.3,False
2024-08,2024,2591,6129.0,142.7,147.8,146.7,149.0,False
2024-09,2024,2204,6268.0,146.0,149.9,148.7,151.1,False
2024-10,2024,2139,6295.0,146.6,151.5,150.3,152.7,False
2024-11,2024,1929,6276.0,146.1,152.7,151.5,154.0,False
2024-12,2024,2112,6364.0,148.2,153.8,152.6,155.1,True
2025-01,2025,2313,6370.0,148.3,154.0,152.8,155.2,False
2025-02,2025,2091,6452.0,150.2,155.4,154.1,156.6,False
2025-03,2025,1899,6478.0,150.9,155.9,154.6,157.1,False
2025-04,2025,2297,6576.0,153.1,156.7,155.5,158.0,False
2025-05,2025,2266,6564.0,152.8,157.0,155.7,158.3,False
2025-06,2025,2260,6493.0,151.2,157.1,155.9,158.3,False
2025-07,2025,2562,6527.0,152.0,157.1,155.8,158.3,False
2025-08,2025,2203,6508.0,151.5,157.3,156.1,158.6,False
2025-09,2025,2174,6538.0,152.2,157.3,156.0,158.5,False
2025-10,2025,1338,6533.0,152.1,157.7,156.4,159.1,False
2025-11,2025,1658,6493.0,151.2,158.1,156.8,159.5,False
2025-12,2025,2024,6488.0,151.1,157.1,155.8,158.3,True
2026-01,2026,2339,6513.0,151.7,157.6,156.4,158.9,False
2026-02,2026,1661,6420.0,149.5,158.0,156.6,159.3,False
2026-03,2026,2042,6552.0,152.6,157.8,156.5,159.2,False
2026-04,2026,1934,6489.0,151.1,156.6,155.3,157.9,False
2026-05,2026,2126,6508.0,151.5,156.6,155.4,157.9,False
2026-06,2026,2125,6513.0,151.7,157.2,155.9,158.4,False
2026-07,2026,2650,6407.0,149.2,156.6,155.4,157.8,False
2026-08,2026,2521,6465.0,150.5,156.5,155.2,157.7,False
2026-09,2026,609,6398.0,149.0,157.5,155.8,159.3,True
